"1";"ALARM";"Odpychanie, 1. krąg (rytuał) ";"1 minuta ";" 9 metrów";" W,S,M (mały dzwoneczek i kawałek cienkiego, srebrnego drutu)";" 8 godzin";" Nastawiasz alarm przeciw intruzom. Wybierz znajdujące się w zasięgu drzwi, okno lub obszar nie większy niż 6-metrowy sześcian. Przez cały czas trwania, czar będzie cię ostrzegać, kiedy Mała lub większa istota dotknie strzeżonego obszaru, lub do niego wejdzie. Rzucając czar, możesz określić istoty, które nie są intruzami. Wtedy decydujesz również, czy alarm jest dźwiękowy, czy ostrzega cię tylko mentalnie.<br><br>Alarm mentalny wywoła wrażenie dźwięku w twojej głowie, o ile pozostaniesz w obrębie 1,5 km od strzeżonego obszaru. Obudzi cię, jeśli będziesz spać.<br><br>Alarm dźwiękowy, przez 10s wytwarza dźwięk dzwonka rozchodzący się na odległość 18m.";"Łowca"
"1";"CHMURA MGŁY";" Przywoływanie, 1. krąg";" 1 akcja";" 36 metrów";" W, S";" Koncentracja, do 1 godziny";" Przywołujesz kulistą chmurę mgły o promieniu 6m, której środek znajduje się w zasięgu zaklęcia. Mgła rozprzestrzenia się wokół rogów i załomów, a jej obszar jest pozbawiony widoczności. Chmura utrzymuje się do wygaśnięcia czaru, choć wcześniej może ją też rozwiać wiatr o umiarkowanej lub większej prędkości (co najmniej 15km/h).<br><br>Na wyższych kręgach. Jeśli rzucasz ten czar,<br>wykorzystując komórkę co najmniej 2. kręgu, za każdy krąg powyżej 1., zwiększasz promień chmury o 6 metrów.";"Łowca"
"1";"DOBRE JAGODY";" Przemiany, 1. krąg";" 1 akcja";" Dotyk";" W,S,M (gałązka jemioły)";" Natychmiastowy";" W twojej dłoni pojawia się do 10 jagód przepełnionych magiczną mocą przez czas trwania zaklęcia. W ramach swojej akcji, istota może zjeść jedną jagodę, co przywróci jej 1 PW i<br>wystarczy za pożywienie na cały dzień.<br><br>Jagody nie zjedzone w ciągu 24h, tracą swoją magiczną moc.";"Łowca"
"1";"GRAD CIERNI";" Przywoływanie, 1. krąg";" 1 akcja dodatkowa";" Na siebie";" W";" Koncentracja, do 1 minuty";" Przy twoim następnym trafieniu bronią dystansową, w trakcie trwania zaklęcia, z twojego pocisku lub rzuconej broni wylatuje deszcz kolców. Atak ma swój normalny efekt, a dodatkowo jego cel i wszystkie istoty w obrębie 1,5m od niego, muszą wykonać rzut obronny na Zręczność. W przypadku  niepowodzenia, otrzymują po 1k10 obrażeń kłutych. Udany rzut zmniejsza obrażenia o połowę.<br><br>Na wyższych kręgach. Jeśli rzucasz ten czar, wykorzystując komórkę co najmniej 2. kręgu, za każdy krąg powyżej 1., zwiększasz obrażenia o 1k10 (maksymalnie 6k10).";"Łowca"
"1";"LECZENIE RAN";" Wywoływanie, 1. krąg";" 1 akcja";" Dotyk";" W, S";" Natychmiastowy";" Istota, której dotykasz, odzyskuje punkty wytrzymałości w liczbie równej 1k8 + twój modyfikator z cechy bazowej. Czar nie działa na nieumarłych i kostuchy.<br><br>Na wyższych kręgach. Jeśli rzucasz ten czar,<br>wykorzystując komórkę co najmniej 2. kręgu, za każdy krąg powyżej 1. przywracasz dodatkowe 1k8 punktów wytrzymałości.";"Łowca"
"1";"PĘTAJĄCE UDERZENIE";" Przywoływanie, 1. krąg";" 1 akcja dodatkowa";" Na siebie";" W";" Koncentracja, do 1 minuty";" Gdy następnym razem trafisz przeciwnika w ataku bronią, podczas działania czaru, w miejscu uderzenia pojawia się kłębowisko ciernistych pnączy, a przeciwnik musi wykonać rzut obronny na Siłę. Stworzenia Duże i większe, mają ułatwienie w tym rzucie. W przypadku niepowodzenia, cel zostaje unieruchomiony na czas działania czaru. Udany rzut obronny, powoduje uschnięcie i padnięcie pnączy.<br><br>Unieruchomione tym zaklęciem stworzenie, na początku każdej swojej tury otrzymuje 1k6 obrażeń kłutych. Cel zaklęcia lub istota, która jest w stanie go dotknąć, może wykorzystać swoją akcję i wykonać test Siły o ST rzutu obronnego przeciw twoim czarom, by usunąć pnącza. Udany rzut oznacza, że cel zaklęcia zostaje uwolniony.<br><br>Na wyższych kręgach. Jeśli rzucasz ten czar,<br>wykorzystując komórkę co najmniej 2. kręgu, za każdy krąg powyżej 1., zwiększasz zadawane obrażenia o 1k6.";"Łowca"
"1";"PRZYJACIEL ZWIERZĄT";" Uroki, 1. krąg";" 1 akcja";" 9 metrów";" W, S, M (odrobina jedzenia)";" 2 godziny";" Przy pomocy tego czaru możesz przekonać zwierzę, że nie stanowisz dla niego zagrożenia. Wybierz bestię, którą widzisz w zasięgu czaru, i która widzi i słyszy ciebie. Jeśli jej Inteligencja wynosi 4 lub więcej, zaklęcie się nie udaje. W przeciwnym wypadku, zwierzę musi wykonać udany rzut obronny na Mądrość, albo zostanie przez ciebie zauroczone na czas trwania czaru. Jeżeli ty lub ktoś z twoich sojuszników skrzywdzi to zwierzę, czar się skończy.<br><br>Na wyższych kręgach. Jeśli rzucasz tej czar, wykorzystując komórkę co najmniej 2. kręgu, za każdy krąg powyżej 1. możesz objąć czarem dodatkowe zwierzę. ";"Łowca"
"1";"ROZMAWIANIE ZE ZWIERZĘTAMI";" Wieszczenie, 1. krąg (rytuał)";" 1 akcja";" Na siebie";" W, S";" Do 10 minut";" Na czas trwania czaru, zyskujesz zdolność rozumienia bestii i słownej komunikacji z nimi. Wiedza i świadomość wielu zwierząt jest ograniczona ich poziomem Inteligencji, ale w najgorszym przypadku, możesz od nich zdobyć informacje o pobliskich miejscach i potworach, włączając informacje o tym, co zwierzę postrzega obecnie lub czego doświadczyło poprzedniego dnia.<br><br>Za zgodą MP możesz nakłonić zwierzę do wyświadczenia ci niewielkiej przysługi.";"Łowca"
"1";"SKOK";" Przemiany, 1. krąg";" 1 akcja";" Dotyk";" W, S, M (tylna noga pasikonika)";" 1 minuta";" Dotykasz wybranej istoty. Odległość jej skoku zostaje potrojona na czas działania czaru.";"Łowca"
"1";"SZYBKONOGI";" Przemiany, 1. krąg";" 1 akcja";" Dotyk";" W, S, M (szczypta pyłu)";" 1 godzina";" Dotykasz wybranego stworzenia. Jego szybkość zwiększa się o 3 metry do czasu zakończenia czaru.<br><br>Na wyższych kręgach. Jeśli rzucasz ten czar,<br>wykorzystując komórkę co najmniej 2. kręgu, za każdy dodatkowy krąg możesz objąć czarem jedną dodatkową istotę.";"Łowca"
"1";"WYKRYCIE MAGII";" Wieszczenie, 1. krąg rytuał";" 1 akcja";" Na siebie";" W, S, M";" Koncentracja, do 10 min";" Podczas trwania czaru, wyczuwasz magię w obrębie 9m od siebie. Gdy wykryjesz w ten sposób obecność magii w stworzeniu lub obiekcie, możesz wykorzystać swoją akcję, by zobaczyć jego nikłą aurę i dowiedzieć się, z jakiej szkoły pochodzi ta magia (jeśli przynależy do którejś ze szkół). <br><br>Wykrycie magii przenika przez większość barier, ale jest blokowane przez kamień o grubości 30 cm, metal o grubości 2,5cm, drewno lub ziemię o grubości 90 cm lub cienką warstwę ołowiu.";"Łowca"
"1";"WYKRYCIE TRUCIZNY I CHOROBY";" Wieszczenie, 1. krąg";" 1 akcja";" Na siebie";" W, S, M (liść cisu)";" Koncentracja, do 10 minut";" Podczas trwania czaru wyczuwasz obecność i lokalizację trucizn, jadowitych istot i chorób w obrębie 9m od siebie. W każdym przypadku potrafisz rozpoznać rodzaj wykrytej trucizny, gatunek czy chorobę.<br><br>Zaklęcie przenika przez większość barier, ale jest blokowane przez 30cm kamienia, 2,5cm metalu, cienką warstwę ołowiu lub 90cm drewna bądź zieleni.";"Łowca"
"1";"ZNAK ŁOWCY";" Wieszczenie, 1. krąg";" 1 akcja dodatkowa";" 27 metrów";" W";" Koncentracja, do 1 godziny";" Wybierasz istotę, którą widzisz w zasięgu czaru, i magicznie oznaczyć ją jako swoją zdobycz. Podczas trwania czaru, przy każdym trafieniu bronią, zadajesz jej dodatkowo 1k6 obrażeń,<br>a ponadto masz ułatwienie w testach Mądrości (Percepcji) i Mądrości (Sztuka przetrwania), gdy chcesz ją znaleźć. Jeżeli przed zakończeniem działania czaru , PW celu spadną do 0, możesz w ramach akcji dodatkowej w swojej następnej turze, przenieść to oznaczenie na następną istotę.<br><br>Na wyższych kręgach. Jeśli rzucasz ten czar,<br>wykorzystując komórkę 3. lub 4. kręgu, możesz<br>koncentrować się na nim do 8h. Jeśli wykorzystujesz komórkę co najmniej 5. kręgu, możesz utrzymać koncentrację do 24h.";"Łowca"
"2";"CISZA";" Iluzje, 2. krąg (rytuał)";" 1 akcja";" 36 metrów";" W, S";" Koncentracja, do 10 minut";" Wokół punktu znajdującego się w zasięgu czaru tworzysz sferę o promieniu 6 metrów.<br><br>Podczas trwania zaklęcia, nie może w niej powstać, ani przejść przez nią żaden dźwięk. istoty i obiekty znajdujące się w całości w tym obszarze są niepodatne na obrażenia od dźwięku i traktowane są jako ogłuchłe. <br><br>W obszarze działania czaru nie da się rzucać zaklęć z komponentem werbalnym.";"Łowca"
"1";"KORDON STRZAŁ";" Przemiany, 2. krąg";" 1 akcja";" 1,5 metra";" W,S,M (co najmniej 4 strzały lub bełty)";" 8 godzin";" Rozmieszczasz na ziemi, w zasięgu czaru, 4 sztuki niemagicznej amunicji (strzały lub bełty) i wiążesz je magią, by chroniły obejmowany obszar. Póki czar trwa, każde stworzenie poza tobą, wchodzące po raz pierwszy w swojej turze, albo kończące swoją turę w obrębie 9m od amunicji powoduje, że strzela w nie jeden z pocisków. Cel musi wykonać rzut obronny na Zręczność. W przypadku niepowodzenia, otrzymuje 1k6 obrażeń kłutych.<br><br>Wystrzelony pocisk zostaje zniszczony, a gdy zużyją się wszystkie, czar dobiega końca.<br><br>Podczas rzucania zaklęcia możesz określić, które istoty nie uruchomią pułapki.<br><br>Na wyższych kręgach. Jeśli rzucasz ten czar,<br>wykorzystując komórkę co najmniej 3. kręgu, za każdy krąg powyżej 2., możesz dodać 2 sztuki amunicji.";"Łowca"
"2";"KOROWA SKÓRA";" Przemiany, 2. krąg";" 1 akcja";" Dotyk";" W, S, M (garść dębowej kory)";" Koncentracja, do 1 godziny";" Dotykasz przychylnej istoty.<br><br>Do końca trwania czaru, jej skóra nabiera wyglądu szorstkiej kory, a jej KP nie może być mniejsze od 16, niezależnie od tego, jaki typ pancerza nosi.";"Łowca"
"2";"MNIEJSZE PRZWRÓCENIE";" Odpychanie, 2. krąg";" 1 akcja";" Dotyk";" W, S";" Natychmiastowy";" Dotykasz stworzenia i uwalniasz je od jednej dolegającej mu choroby bądź kończysz jeden ze stanów, w którym się znajduje - głuchoty, oślepienia, paraliżu albo zatrucia.";"Łowca"
"2";"OCHRONA PRZED TRUCIZNĄ";" Odpychanie, 2. krąg";" 1 akcja";" Dotyk";" W, S";" 1 godzina";" Dotykasz wybranego stworzenia. Jeśli było zatrute, neutralizujesz truciznę. Jeśli działających na stworzenie trucizn jest więcej, neutralizujesz jedną, którą potrafisz zidentyfikować, albo jedną ustaloną losowo.<br><br>Podczas trwania czaru ce| ma ułatwienie w rzutach obronnych przeciw truciznom oaz odporność na obrażenia od trucizny.";"Łowca"
"2";"ODNALEZIENIE OBIEKTU";" Wieszczenie, 2. krąg";" 1 akcja";" Na siebie";" W, S, M (rozwidlona gałązka)";" Koncentracja, do 10 minut";" Podajesz opis lub nazwę znanego ci obiektu. Wyczuwasz, w jakim kierunku się znajduje, o ile jest oddalony od ciebie nie więcej niż 300m. Jeśli jest w ruchu, dowiadujesz się, w jakim kierunku się przemieszcza.<br><br> Przy pomocy tego zaklęcia możesz odnaleźć konkretny znany ci obiekt, o ile widziałeś go przynajmniej raz z odległości do 9m. W innym wariancie możesz odszukać najbliższy obiekt określonego rodzaju (np. określoną część garderoby, biżuterię, mebel, narzędzie albo broń. <br><br>Czar nie zadziała, jeśli od poszukiwanej rzeczy (patrząc w linii<br>prostej), dzieli cię warstwa ołowiu o jakiejkolwiek grubości, nawet cienka blacha.";"Łowca"
"2";"ODNALEZIENIE ZWIERZĄT LUB ROŚLIN";" Wieszczenie, 2. krąg (rytuał)";" 1 akcja";" Na siebie";" W,S,M (odrobina sierści psa gończego)";" Natychmiastowy";" Podajesz opis lub nazwę gatunku zwierzęcia lub rośliny. Słuchając w skupieniu głosu otaczającej cię natury, poznajesz kierunek i odległość dzielącą cię od najbliższego przedstawiciela danego gatunku w promieniu 7,5 km, o ile występują na tym obszarze.";"Łowca"
"2";"PRZEJŚCIE BEZ ŚLADU";" Odpychanie, 2. krąg";" 1 akcja";" Na siebie";" W, S, M (popiół ze spalonego liścia jemioły i świerkowej gałązki)";" Koncentracja, do 1 godziny";" Roztaczasz wokół siebie zasłonę cierni i ciszę, które skrywają ciebie i twoich towarzyszy.<br><br>Przez czas działania czaru, każda wybrana przez ciebie istota, znajdująca się do 9m od ciebie (łącznie z tobą), otrzymuje modyfikator +10 w testach Zręczności (Skradanie się) i nie może zostać wytropiona niemagicznymi sposobami. Istota skryta zaklęciem, nie pozostawia tropów ani innych śladów swojego przejścia.";"Łowca"
"2";"WIDZENIE W CIEMNOŚCI";" Przemiany, 2. krąg";" 1 akcja";" Dotyk";" W, S, M (agat lub szczypta suszonej marchwi)";" 8 godzin";" Dotykasz przychylnej istoty i zapewniasz jej możliwość widzenia w mroku. W czasie trwania czaru, ma ona zdolność widzenia w ciemności na odległość 18m.";"Łowca"
"2";"WYKRYCIE PUŁAPEK";" Wieszczenie, 2. krąg";" 1 akcja";" 36 metrów";" W, S";" Natychmiastowy";" Wyczuwasz obecność wszystkich pułapek znajdujących się na linii wzroku w zasięgu czaru.<br><br>Na potrzeby tego zaklęcia, pułapką jest wszystko, co mogłoby wywołać nagły lub niespodziewany efekt odbierany jako szkodliwy lub niepożądany i zostało przygotowane specjalnie w tym celu. Dlatego przy pomocy tego czaru możesz wykryć obszar objęty alarmem bądź glifem strażniczym, albo mechaniczną zapadnię, ale nie naturalnie występujące słabe punkty, niestabilny sufit czy niewidoczne zapadlisko.<br><br>Zaklęcie jedynie ujawnia obecność pułapek - nie poznajesz położenia każdej pułapki, ale dowiadujesz się o ogólnej naturze stwarzanego przez nią zagrożenia.";"Łowca"
"2";"WZROST KOLCÓW";" Przemiany, 2. krąg";" 1 akcja";" 45 metrów";" W, S, M (siedem ostrych cierni lub małych, zaostrzonych gałązek)";" Koncentracja, do 10 minut";" Ziemia w promieniu 6m wokół punktu wskazanego w zasięgu czaru, pokrywa się twardymi kolcami i cierniami. Obszar objęty czarem, na ten czas jego trwania, staje się trudnym terenem.<br><br>Poruszające się po niej istoty otrzymują 2k4 obrażeń kłutych za każde 1,5m przebytej odległości.<br><br>Przemiana ziemi jest zakamuflowana tak, by jej powierzchnia wyglądała naturalnie. Wszystkie stworzenia, które nie widzą obszaru w momencie rzucania czaru, przed wkroczeniem do niego muszą wykonać udany test Mądrości (Percepcja) o ST rzutu obronnego przeciw twoim czarom, by rozpoznać teren jako niebezpieczny.";"Łowca"
"2";"ZWIERZĘCE ZMYSŁY";" Wieszczenie, 2. krąg (rytuał)";" 1 akcja";" Dotyk";" S";" Koncentracja, do 1 godziny";" Dotykasz przychylnego zwierzęcia. W czasie działania czaru, możesz przeznaczyć swoją akcję na skorzystanie z jego zmysłów wzroku i słuchy. Możesz to robić, dopóki nie przeznaczysz kolejnej akcji na powrót do swoich własnych zmysłów. W tym czasie, możesz korzystać ze specjalnych zmysłów tego zwierzęcia, ale twoje własne zmysły wzroku i słuchu nie działają.";"Łowca"
"2";"ZWIERZĘCY POSŁANIEC";" Uroki, 2. krąg (rytuał)";" 1 akcja";" 9 metrów";" W,S,M (odrobina jedzenia)";" 24 godziny";" Za pomocą tego czaru jesteś w stanie przesłać wiadomość przy pomocy zwierzęcia. Wybierz Malutkie zwierzę, które widzisz w zasięgu czaru, takie jak nietoperz, sójka, bądź wiewiórka. Określasz znaną ci lokację oraz ogólnie opisujesz adresata, np.: “mężczyzna lub kobieta w mundurze straży miejskiej”, albo “rudowłosy krasnolud w szpiczastym kapeluszu”. Dołączasz do tego wiadomość złożoną maksymalnie z 25 słów. Zaklęte zwierzę podróżuje do miejsca przeznaczenia, przebywając ok. 80 km na dobę w przypadku latającego posłańca, bądź ok. 40 km na dobę w pozostałych przypadkach.<br><br>Gdy posłaniec osiągnie cel, dostarcza opisanej istocie twoją wiadomość, naśladując dźwięk twojego głosu. Posłaniec przemawia tylko do osoby odpowiadającej podanemu opisowi. Jeżeli w czasie trwania czaru nie zdoła dotrzeć do adresata, to wiadomość przepada, a zwierzę wraca do miejsca,w którym je zaczarowałeś.<br><br>Na wyższych kręgach. Jeśli rzucasz ten czar,<br>wykorzystując komórkę co najmniej 3. kręgu, za każdy krąg powyżej 2., przedłużasz działanie czaru o 48h.";"Łowca"
"3";"NIEWYKRYWALNOŚĆ";" Odpychanie, 3. krąg";" 1 akcja";" Dotyk";" W, S, M (szczypta diamentowego pyłu o wartości 25 sz, którym należy obsypać cel, zużywana przez zaklęcie)";" 8 godzin";" Na czas trwania zaklęcia, ukrywasz dotknięty cel przed magią wieszczenia. Celem może być przychylne stworzenie, miejsce albo obiekt, którego żaden z wymiarów nie przekracza 3 metrów.<br><br>Chronionego tym zaklęciem celu nie można objąć magią wieszczenia ani wykryć magicznymi czujnikami.";"Łowca"
"3";"OCHRONA PRZED ENERGIĄ";" Odpychanie, 3. krąg";" 1 akcja";" Dotyk";" W, S";" Koncentracja, do 1 godziny";" Podczas trwania czaru, przychylne stworzenie jest odporne na obrażenia wybranego przez ciebie typu: od dźwięku, elektryczności, kwasy, ognia, albo zimna.";"Łowca"
"3";"ODDYCHANIE POD WODĄ";" Przemiany, 3. krąg (rytuał)";" 1 akcja";" 9 metrów";" W, S, M (krótka trzcina lub kawałek słomy)";" 24 godziny";" Czar umożliwia oddychanie pod wodą dziesięciu wybranym, przychylnym istotom, które widzisz w zasięgu czaru. Istoty te mogą też nadal oddychać w normalny sposób.";"Łowca"
"3";"PIORUNOSTRZAŁ";" Przemiany, 3. krąg";" 1 akcja dodatkowa";" Na siebie";" W, S";" Koncentracja, do 1 minuty";" Podczas twojego następnego ataku bronią dystansową, wykonanego w trakcie trwania zaklęcia, wystrzelony pocisk lub rzucona broń zmienia się w piorun. Wykonaj zwykły test ataku. Zamiast normalnych obrażeń broni, cel otrzymuje 4k8 obrażeń od elektryczności (jeśli trafisz), a połowę tej liczby (jeśli chybisz).<br><br>Niezależnie od tego, czy udało ci się trafić, każda istota w obrębie 3m od celu, musi wykonać rzut obronny na Zręczność. W przypadku niepowodzenia, otrzymuje 2k8 obrażeń od elektryczności. Udany rzut zmniejsza obrażenia o połowę. Pocisk lub broń rzucana, wraca następnie do swojej naturalnej postaci.<br><br>Na wyższych kręgach. Jeśli rzucasz ten czar,<br>wykorzystując komórkę co najmniej 4. kręgu, za każdy krąg powyżej 3., zwiększasz obrażenia obu efektów zaklęcia o 1k8.";"Łowca"
"3";"PRZYWOŁANIE OGNIA ZAPOROWEGO";" Przywoływanie, 3. krąg";" 1 akcja";" Na siebie (stożek 18 m)";" W,S,M (sztuka amunicji lub broni rzucanej)";" Natychmiastowy";" Sprawiasz, że egzemplarz rzuconej niemagicznej broni lub wystrzelony niemagiczny pocisk wybucha w stożek identycznych broni, które następnie znikają. <br><br>Każda istota na obszarze w kształcie stożka o długości 18m, musi wykonać rzut obronny na Zręczność. W przypadku niepowodzenia, otrzymuje 3k8 obrażeń. Udany rzut zmniejsza obrażenia o połowę.<br><br>Obrażenia są tego samego typu, co podstawowe obrażenia broni lub amunicji będącej komponentem czaru.";"Łowca"
"3";"PRZYWOŁANIE ZWIERZĄT";" Przywoływanie, 3. krąg";" 1 akcja";" 18 metrów";" W, S";" Koncentracja, do 1 godziny";" Przywołujesz duchy fey, które przybierają formę zwierząt i pojawiają się w wolnej przestrzeni widocznej w zasięgu czaru. Wybierz jedną z możliwości:<br>*1 bestia o stopniu wyzwania nie większym niż 2,<br>*2 bestie o stopniu wyzwania nie większym niż 1,<br>*4 bestie o stopniu wyzwania nie większym niż ½,<br>*8 bestii o stopniu wyzwania nie większym niż ¼.<br>Każde ze zwierząt jest jednocześnie traktowane jak fey. Znika, kiedy jego punkty wytrzymałości spadną do 0, lub gdy czar dobiega końca.<br>Istoty są przyjazne tobie i twoim sprzymierzeńcom. Wykonujesz za nie (grupowo) rzut na inicjatywę, gdyż będą działać w swojej turze. Są posłuszne twoim słownym poleceniom (nie wymagają one twojej akcji). Jeśli nie wydasz polecenia, przywołane istoty ograniczą się do obrony przed wrogami, ale nie będą wykonywać innych akcji. MP dysponuje statystykami przywołanych stworzeń. <br>Na wyższych kręgach. Jeśli rzucasz ten czar,<br>wykorzystując komórkę wyższego kręgu, przywołujesz więcej istot z wybranego wariantu: dwa razy więcej na 5. kręgu, trzy razy więcej na 7. kręgu i cztery razy więcej na 9. kręgu.";"Łowca"
"3";"ROZMAWIENIE Z ROŚLINAMI";" Przemiany, 3. krąg";" 1 akcja";" Na siebie (okrąg o promieniu 9 metrów)";" W,S";" 10 minut";" Budzisz ograniczoną świadomość w roślinach znajdujących się do 9m od ciebie, obdarzając je zdolnością porozumiewania się z tobą i wypełniania twoich prostych poleceń. Możesz pytać rośliny oo wydarzenia, które miały miejsce w obrębie czaru w ciągu minionego dnia, i zdobywać informacje o przechodzących zwierzętach, pogodzie i innych zaistniałych okolicznościach.<br>Możesz również na czas działania czaru, zmienić trudny teren spowodowany roślinnością (zarośla, lub gęste podszycie), w zwyczajny teren albo odwrotnie. <br>Za zgodą MP, rośliny mogą być w stanie wykonać dla ciebie inne zadania. Zaklęcie nie umożliwia im wyciągnięcia z ziemi korzeni i przemieszczanie się, ale mogą one swobodnie poruszać gałęziami, łodygami i pnączami.<br>Jeśli na obszarze zaklęcia, znajduje się istota tylu roślinnego, to możesz się z nią porozumieć tak, jakbyście znali ten sam język, ale nie wywierasz na nią żadnego, magicznego wpływu. <br><br>Przy pomocy tego zaklęcia możesz spowodować, że rośliny stworzone oplątaniem, uwolnią uwięzioną istotę.";"Łowca"
"3";"ROZROST ROŚLIN";" Przemiany, 3. krąg";" 1 akcja lub 8 godzin";" 45 metrów";" W, S";" Natychmiastowy";" Przy pomocy tego zaklęcia, wzmagasz siły życiowe roślinności na określonym obszarze. Możesz to zrobić na dwa sposoby, zapewniając jej natychmiastowe lub długoterminowe korzyści.<br>Jeśli rzucasz to zaklęcie, używając pojedynczej akcji podstawowej, wybierz punkt w jego zasięgu. Zwyczajna roślinność w promieniu 30 metrów od niego, stanie się wybujała i przerośnięta. Stworzenia podróżujące przez ten obszar, muszą zużyć 4 metry szybkości, by przemieścić się o 1 metr. <br><br>W obrębie obszaru obejmowanego zaklęciem, możesz wskazać dowolnego rozmiaru strefy, które wyłączasz spod jego działania.<br><br>Jeżeli rzucasz to zaklęcie przez 8 godzin, użyźniasz ziemię w okolicy. Roślinność w promieniu 750 metrów od wskazanego<br>punktu w zasięgu czaru, zostaje na 1 rok wyjątkowo odżywione. Podczas zbiorów, wyda dwa razy większe plony niż zwykle.";"Łowca"
"3";"SPACER PO WODZIE";" Przemiany, 3. krąg rytuał";" 1 akcja";" 9 metrów";" W, S, M (kawałek korka)";" 1 godzina";" Ten czar zapewnia zdolność poruszania się po powierzchni cieczy lub podobnej substancji - wody, kwasu, błota, śniegu, ruchomych piasków, a nawet lawy - jakby była bezpiecznym stałym gruntem (choć istota chodząca po lawie wciąż może otrzymać obrażenia od gorąca). Możesz zapewnić tę zdolność na czas trwania czaru maksymalnie 10 przychylnym ci istotom, które widzisz w zasięgu.<br><br>Jeżeli obejmiesz zaklęciem istotę zanurzoną w płynie, to zostanie ona wyniesiona na powierzchnię z prędkością 18 m na rundę.";"Łowca"
"3";"ŚCIANA WICHRU";" Wywoływanie, 3. krąg";" 1 akcja";" 36 metrów";" W, S, M (malutki wachlarz i egzotyczne pióro)";" Koncentracja, do 1 minuty";" Ze wskazanego miejsca na ziemi, położonego w zasięgu czaru, bucha ściana silnego wiatru. Możesz nadać jej wymiary do 15 metrów długości, do 4,5 metra wysokości i 30 centymetrów grubości oraz dowolnie ją ukształtować, o ile stworzy ciągłą<br>linię na poziomie gruntu. Ściana utrzymuje się przez cały czas działania zaklęcia. <br>Gdy ściana się pojawia, wszystkie stworzenia przebywające na jej obszarze muszą wykonać rzut obronny na Siłę. W przypadku niepowodzenia, otrzymują 3k8 obrażeń obuchowych. Udany rzut zmniejsza obrażenia o połowę. <br><br>Silny wiatr odpycha mgłę, dym i gaz. Małe i mniejsze latające istoty lub obiekty, nie mogą przedostać się przez ścianę. Luźne, lekkie rzeczy dostające się w obszar wiatru zostają porwane ku górze. Wystrzelone przez ścianę strzały, bełty i inne zwyczajne pociski, zostają odbite ku górze i automatycznie chybiają. (Nie dotyczy to głazów miotanych przez olbrzymy lub machiny oblężnicze oraz podobnych pocisków). Przez ścianę nie mogą przedostać się istoty w formie gazowej.";"Łowca"
"3";"ŚWIATŁO DNIA";" Wywoływanie, 3. krąg";" 1 akcja";" 18 metrów";" W, S";" 1 godzina";" Z wybranego punktu w zasięgu czaru, wyłania się kula jasnego światła o promieniu 18m.<br><br>Jeśli jako cel zaklęcia wskażesz przedmiot, który trzymasz, albo taki, którego nie trzyma ani nie nosi ktoś inny, to światło dobywa się z tego przedmiotu i przemieszcza się wraz z nim. Można je stłumić, zakrywając całkowicie świecący obiekt czymś nieprzezroczystym, np miską lub hełmem.<br><br>W przypadku nawet częściowego nakładania się obszaru tego czaru na obszar ciemności stworzonej zaklęciem kręgu 3. lub niższego, zaklęcie tworzące ciemność zostaje rozproszone.";"Łowca"
"4";"CHWYTNE PNĄCZE";" Przywoływanie, 4. krąg";" 1 akcja dodatkowa";" 9 metrów";" W, S";" Koncentracja, do 1 minuty";" Przywołujesz pnącze wyrastające z podłoża w wybranym wolnym miejscu, które widzisz w zasięgu czaru. Następnie możesz rozkazać mu, by rzuciło się na widoczną dla ciebie istotę w obrębie 9 metrów od niego. Cel musi wykonać rzut obronny na Zręczność. W przypadku niepowodzenia, pnącze przyciąga go o 6 metrów do siebie.<br><br>W czasie trwania czaru możesz w każdej swojej turze w ramach akcji dodatkowej nakazać pnączu zaatakowanie tej samej lub innej istoty.";"Łowca"
"4";"KAMIENNA SKÓRA";" Odpychanie, 4. krąg";" 1 akcja";" Dotyk";" W, S, M (diamentowy pył o wartości 100 sz, zużywany przez zaklęcie)";" Koncentracja, do 1 godziny";" Zaklęciem tym sprawiasz, że ciało dotkniętego przychylnego stworzenia staje się twarde jak głaz.<br><br>Do końca trwania czaru, jego cel jest odporny na niemagiczne obrażenia cięte, kłute i obuchowe.";"Łowca"
"4";"ODNALEZIENIE ISTOTY";" Wieszczenie, 4. krąg";" 1 akcja";" Na siebie";" W, S, M (odrobina sierści psa gończego)";" Koncentracja, do 1 godziny";" Podajesz opis lub nazwę znanej ci istoty. <br> Wyczuwasz, w jakim kierunku się znajduje, o ile nie jest oddalona od ciebie o więcej niż 300 metrów. Jeśli się porusza, dowiadujesz się, w<br>jakim kierunku. <br><br>Przy pomocy tego czaru, możesz odnaleźć konkretną znaną istotę albo najbliższe stworzenie określonego rodzaju (na przykład człowieka albo jednorożca), o ile widziałeś takie przynajmniej raz z odległości do 9 metrów. Jeśli forma poszukiwanej istoty została zmieniona, na przykład zaklęciem polimorfia, to ten czar jej nie odnajdzie. Czar nie zadziała także, jeśli od poszukiwanej istoty dzieli cię płynąca woda o szerokości co najmniej 3 metrów (patrząc w<br>linii prostej).";"Łowca"
"4";"PRZYWOŁANIE LEŚNYCH ISTOT";" Przywoływanie, 4. krąg";" 1 akcja";" 18 metrów";" W,S,M (po jednej jagodzie ostrokrzewu na każdą przywoływaną istotę)";" Koncentracja, do 1 godziny";" Przywołujesz fey, by pojawiły się w wolnej przestrzeni, którą widzisz w zasięgu czaru. Wybierz jedną z możliwości:<br>*1 fey o stopniu wyzwania nie większym niż 2,<br>*2 fey o stopniu wyzwania nie większym niż 1,<br>*4 fey o stopniu wyzwania nie większym niż ½,<br>*8 fey o stopniu wyzwania nie większym niż ¼<br>Przywołana istota znika, kiedy jej punkty wytrzymałości spadają do 0, lub gdy czar dobiega końca. Istoty są przyjazne tobie i twoim sprzymierzeńcom. Wykonujesz za nie (grupowo) rzut na inicjatywę, gdyż będą działać w swojej turze. Są posłuszne twoim słownym poleceniom (nie wymagają one twojej akcji). Jeśli nie wydasz polecenia, przywołane istoty ograniczą się do obrony przed wrogami, ale nie będą wykonywać innych akcji. MP dysponuje statystykami przyzwanych istot. Na wyższych kręgach. Jeśli rzucasz ten czar, wykorzystując komórkę wyższego kręgu, przywołujesz więcej istot z wybranego wariantu: dwa razy więcej na 6. kręgu i trzy razy więcej na 8. kręgu.";"Łowca"
"4";"SWOBODA RUCHU";" Odpychanie, 4. krąg";" 1 akcja";" Dotyk";" W, S, M (rzemień zawiązany wokół ramienia lub podobnej kończyny)";" 1 godzina";" Dotykasz przychylnej ci istoty. Przez czas trwania czaru na jej poruszanie się nie wpływa trudny teren, a zaklęcia i magiczne efekty nie mogą zredukować jej szybkości ani spowodować paraliżu lub unieruchomienia. <br><br>Istota będąca pod wpływem tego zaklęcia, może również zużyć 1.5 metra szybkości, aby automatycznie oswobodzić się z niemagicznych więzów, takich jak kajdany albo bycie pochwyconą.<br><br>Ponadto przebywanie pod wodą nie powoduje u niej kar do ruchu i ataków";"Łowca"
"5";"AUTOMATYCZNY KOŁCZAN";" Przemiany, 5. krąg";" 1 akcja dodatkowa";" Dotyk";" W,S,M (kołczan z co najmniej jedną sztuką amunicji)";" Koncentracja, do 1 minuty";" Zmieniasz swój kołczan w niewyczerpane źródło niemagicznych pocisków, zdających się wyskakiwać z niego wprost do twojej dłoni.<br><br>Póki czar trwa, w swoich turach możesz w ramach akcji dodatkowej wykonywać dwa dodatkowe ataki bronią strzelającą pociskami z tego kołczanu. Po każdym strzale kołczan uzupełnia zużyty pocisk jego niemagicznym odpowiednikiem. Amunicja stworzona w ten sposób znika po wygaśnięciu zaklęcia. Czar kończy się także wtedy, gdy przestajesz mieć przy sobie zaczarowany kołczan.";"Łowca"
"5";"KONTAKT Z NATURĄ";" Wieszczenie, 5. krąg (rytuał)";" 1 minuta";" Na siebie";" W, S";" Natychmiastowy";" Osiągasz chwilowy stan jedności z naturą i zyskujesz dzięki niej wiedzę o okolicy. Pod otwartym niebem, czar zapewnia ci wiedzę o terenie w promieniu 4.5 kilometra. W jaskiniach i innych naturalnych formacjach podziemnych promień ograniczony jest do 90 metrów. Zaklęcie nie działa w miejscach, w których naturalne formacje zastąpiono wytworzonymi konstrukcjami, na przykład w lochach i miastach.<br>Natychmiast poznajesz do trzech związanych z okolicą faktów, które dotyczą wybranych tematów spośród następujących:<br>*Teren i zbiorniki wodne,<br>*Dominujące minerały, zwierzęta, roślinność lub ludność,<br>*Potężni niebianie, fey, czarty, żywiołaki lub nieumarli,<br>*Wpływy innych sfer egzystencji,<br>*Budowle.<br>Przykładowo, możesz określić na danym obszarze miejsce przebywania potężnego nieumarłego, lokalizację większych źródeł wody pitnej oraz położenie pobliskich miast.";"Łowca"
"5";"PRZYWOŁANIE OSTRZAŁU";" Przywoływanie, 5. krąg";" 1 akcja";" 45 metrów";" W,S,M (sztuka amunicji lub broni rzucanej)";" Natychmiastowy";" Strzelasz niemagicznym pociskiem lub rzucasz niemagiczną bronią miotaną w powietrze, a następnie wybierasz punkt w zasięgu czaru. Z nieba spadają setki kopii użytej amunicji lub broni, po czym znikają. Każda istota na obszarze walca o promieniu 12 metrów i wysokości 6 metrów z punktem wyjścia w wybranym miejscu, musi wykonać rzut obronny na Zręczność. W przypadku niepowodzenia, otrzymuje 8k8 obrażeń. Udany rzut zmniejsza obrażenia o połowę. Obrażenia są tego samego typu, co broni lub amunicji będącej komponentem czaru";"Łowca"
"5";"SPACER MIĘDZY DRZEWAMI";" Przywoływanie, 5. krąg";" 1 akcja";" Na siebie";" W, S";" Koncentracja, do 1 minuty";" Zyskujesz możliwość wejścia w drzewo i przemieszczenia z niego do wnętrza innego drzewa tego samego gatunku, rosnącego nie dalej niż 150 metrów. Oba drzewa muszą być żywe i co najmniej twojego rozmiaru.<br><br>Aby wejść do drzewa, musisz wykorzystać 1,5 metra ruchu. Automatycznie poznajesz umiejscowienie wszystkich innych drzew tego samego gatunku w obrębie 150 metrów, a w ramach ruchu związanego z wejściem do drzewa możesz przejść do jednego z nich albo wyjść z tego, w którym przebywasz. Pojawiasz się w wybranym miejscu 1,5 metra od docelowego drzewa, co również kosztuje cię 1,5 metra ruchu.<br>Jeśli nie masz już możliwości ruchu, pojawiasz się 1,5 metra od drzewa, do którego wszedłeś.<br><br>Podczas działania czaru, możesz przemieścić się w ten sposób raz na rundę. Każdą turę musisz zakończyć poza drzewem.";"Łowca"
"1";"POCHŁONIĘCIE ŻYWIOŁÓW";" Odpychanie, 1. krąg";" 1 reakcja podejmowana w odpowiedzi na otrzymanie obrażeń od dźwięku, elektryczności, kwasu, ognia albo zimna";" Na siebie";" S";" 1 runda";" Czar przejmuje część oddziałującej na ciebie energii,<br>zmniejsza jej wpływ i przygotowuje ją do wykorzystania w twoim następnym ataku wręcz. Do początku swojej następnej tury zyskujesz odporność na obrażenia takiego typu, jak te wywołujące twoją reakcję. Co więcej, kiedy po raz pierwszy trafisz atakiem wręcz w swojej następnej turze, cel otrzymuje dodatkowo 1k6 obrażeń tego typu, a czar dobiega końca.<br><br>Na wyższych kręgach. Jeśli rzucasz ten czar, wykorzystując komórkę co najmniej 2. kręgu, za każdy krąg powyżej 1. zwiększasz zadawane obrażenia dodatkowe o 1k6.";"Łowca (XGE)"
"1";"SIDŁA";" Odpychanie, 1. krąg";" 1 minuta";" Dotyk";" S, M (7,5 metra liny, zużywane przez zaklęcie)";" 8 godzin";" Podczas rzucania tego czaru układasz z liny okrąg O promieniu 1,5 metra na ziemi lub innym podłożu. Po zakończeniu rzucania lina znika, a okrąg staje się magiczną pułapką.<br><br>Jest ona niemal niewidzialna, a odróżnienie jej Od podłoża wymaga udanego testu Inteligencji (Śledztwo) o ST rzutu obronnego przeciw twoim czarom. <br><br>Pułapka uruchamia się, gdy Małe, Średnie lub Duże stworzenie staje na podłożu w obszarze działania czaru. Musi ono wykonać rzut obronny na Zręczność. W przypadku niepowodzenia zostaje magicznie wyrzucone w powietrze i zawisa głową w dół 90 centymetrów nad miejscem rzucenia czaru. Stworzenie jest tam unieruchomione przez czas trwania czaru...<br><br>Przewodnik Xanathara po wszystkim str.164";"Łowca (XGE)"
"1";"UDERZENIE ZEFIRU";" Przemiany, 1. krąg";" 1 akcja dodatkowa";" Na siebie";" W";" Koncentracja, do 1 minuty";" Poruszasz się jak wiatr. Podczas trwania czaru twój ruch nie prowokuje ataków okazyjnych.<br><br>Raz podczas trwania czaru możesz zapewnić sobie ułatwienie w jednym teście ataku bronią w swojej turze. Ten atak przy trafieniu zadaje dodatkowo 1k8 obrażeń od mocy. Niezależnie od tego, czy udało ci się trafić, twoja szybkość chodzenia zwiększa się o 9 metrów do końca tej tury.";"Łowca (XGE)"
"1";"WIĘŹ Z BESTIĄ";" Wieszczenie, 1. krąg";" 1 akcja";" Dotyk";" W, S, M (odrobina futra zawinięta w materiał)";" Koncentracja, do 10 minut";" Dotykasz jednej przyjaznej lub zauroczonej przez ciebie bestii i tworzysz z nią telepatyczną więź. Czar nie działa na bestie o Inteligencji 4 lub większej. Podczas trwania zaklęcia połączenie pozostaje aktywne, dopóki macie siebie nawzajem w zasięgu wzroku. Dzięki połączeniu bestia rozumie twoje telepatyczne wiadomości i może przekazywać ci proste emocje i pojęcia.W czasie trwania połączenia bestia ma ułatwienie w testach ataku przeciw stworzeniom, które widzisz w obrębie 1,5 metra od siebie.";"Łowca (XGE)"
"2";"UZDRAWIAJĄCY DUCH";" Przywoływanie, 2. krąg";" 1 akcja dodatkowa";" 18 metrów";" W, S";" Koncentracja, do 1 minuty";" Wzywasz ducha natury, by ulżyć rannym w cierpieniu. Niematerialny duch pojawia się w przestrzeni będącej sześcianem o boku 1,5 metra, którą widzisz w zasięgu czaru. Duch wygląda jak przezroczysta bestia lub istota fey (wedle twojego wyboru).<br><br>Podczas trwania czaru, kiedy ty albo stworzenie, które widzisz, wchodzi w przestrzeń zajmowaną„przez ducha po raz pierwszy w swojej turze albo rozpoczyna tam swoją turę, możesz sprawić, aby duch przywrócił mu 1k6 punktów wytrzymałości (bez konieczności użycia akcji). Duch nie może uleczyć konstruktów i nieumarłych. Duch może leczyć liczbę razy równą 1+ twój modyfikator z cechy bazowej (minimum dwa), a po jej wykorzystaniu znika.<br><br>W ramach akcji dodatkowej w swojej turze możesz przemieścić ducha na odległość do 9 metrów w miejsce które widzisz.<br><br>Na wyższych kręgach. Jeśli rzucasz ten czar, wykorzystując komórkę co najmniej 3. kręgu, za każdy krąg powyżej 2. leczenie przywraca dodatkowe 1k6 punktów wytrzymałości.";"Łowca (XGE)"
"3";"PŁOMIENNE STRZAŁY";" Przemiany, 3. krąg";" 1 akcja";" Dotyk";" W, S";" Koncentracja, do 1 godziny";" Dotykasz kołczanu ze strzałami lub bełtami. Przy trafieniu atakiem dystansowym bronią z użyciem amunicji wyciągniętej z kołczanu cel otrzymuje 1k6 dodatkowych obrażeń od ognia. Działanie czaru na pocisk kończy się niezależnie od tego, czy udało ci się trafić, a samo zaklęcie kończy się po wyciągnięciu z kołczanu 12 sztuk amunicji. <br><br>Na wyższych kręgach. Jeśli rzucasz ten czar, wykorzystując komórkę co najmniej 4. kręgu, za każdy krąg powyżej 3. możesz zwiększyć liczbę sztuk amunicji objętych tym czarem o 2.";"Łowca (XGE)"
"4";"STRAŻNIK NATURY";" Przemiany, 4. krąg";" 1 akcja dodatkowa";" Na siebie";" W";" Koncentracja, do 1 minuty";" Duch natury odpowiada na twoje wezwanie i przekształca cię w potężnego strażnika. Przemiana trwa do zakończenia czaru. Wybierasz jedną z form: pierwotną bestię lub olbrzymie drzewo. <br><br>Pierwotna bestia. Twoje ciało porasta zwierzęce futro,  rysy twarzy dziczeją. Zyskujesz następujące korzyści: - Twoja szybkość chodzenia zwiększa się o 3 metry.  - Zyskujesz zdolność widzenia w ciemności na odległość 36 metrów. - Masz ułatwienie w testach ataku opartych na Sile.  -Twoje ataki wręcz bronią przy trafieniu zadają 1k6 dodatkowych obrażeń od mocy.  Olbrzymie drzewo. Twoja skóra zaczyna przypominać korę, a z włosów wyrastają liście. Zyskujesz następujące korzyści:<br>- Zyskujesz 10 tymczasowych PW. -Masz ułatwienie w rzutach obronnych na Kondycję. -Masz ułatwienie w testach ataku opartych na Zręczności i Mądrości. . Gdy stoisz na ziemi, obszar W obrębie 4,5 metra od ciebie stanowi trudny teren dla twoich wrogów.";"Łowca (XGE)"
"5";"UDERZENIE STALOWEGO WICHRU";" Przywoływanie, 5. krąg";" 1 akcja";" 9 metrów";" S, M (broń biała o wartości co najmniej 1 ss)";" Natychmiastowy";" Bierzesz zamach bronią będącą komponentem tego czaru, po czym znikasz, by uderzyć z prędkością wiatru. Wybierz maksymalnie pięć istot, które widzisz w zasięgu czaru. Wykonujesz atak wręcz czarem przeciw każdemu celowi. Przy trafieniu cel otrzymuje 6k10 obrażeń od mocy.<br><br>Następnie możesz teleportować się na wolne miejsce, które widzisz w obrębie 1,5 metra od jednego z celów, niezależnie od tego, czy udało ci się go trafić.";"Łowca (XGE)"
"5";"WŚCIEKŁOŚĆ NATURY";" Wywoływanie, 5. krąg";" 1 akcja";" 36 metrów";" W, S";" Koncentracja, do 1 minuty";" Wzywasz duchy natury, by ruszyły na twoich wrogów. Wybierasz punkt, który widzisz w zasięgu czaru. Duchy sprawiają, że w obszarze sześcianu o boku 18 metrów i środku w wybranym punkcie drzewa, kamienie 1 trawy ożywają na czas trwania czaru.<br><br>Drzewa...<br><br>Kamienie... <br><br>Korzenie i pnącza...  <br><br>Trawy i zarośla... <br><br>Przewodnik Xanathara po Wszystkim str.169";"Łowca (XGE)"
